1.	T1025 
2.	T1026 
3.	T1027  
4.	T1029  
5.	T1030
6.	T1031 
7.	T1032  
8.	T1033  
9.	T1035 
10.	T1038 
11.	T1039  
12.	T1040  
13.	T1041  
14.	T1042  
15.	T1043 
16.	T1045s1  
17.	T1045s2  
18.	T1046s1  
19.	T1046s2  
20.	T1047s1 
22.	T1049  
23.	T1054  
24.	T1056 
25.	T1057 
26.	T1060s2  
27.	T1060s3 
29.	T1064  
30.	T1065s1 
31.	T1065s2  
32.	T1067  
33.	T1068  
35.	T1073 
36.	T1074  
37.	T1078 
38.	T1082  
41.	T1087  
43.	T1090 
44.	T1099
45.	T1091
47.	T1096
48.	T1034
49.	T1024
50.	T1028
51.	T1052
52.	T1101
